<?xml version="1.0" encoding="UTF-8"?>
<beans xmlns="http://www.springframework.org/schema/beans"
       xmlns:xsi="http://www.w3.org/2001/XMLSchema-instance"
       xmlns:tx="http://www.springframework.org/schema/tx"
       xmlns:aop="http://www.springframework.org/schema/aop"
       xsi:schemaLocation="
       		http://www.springframework.org/schema/beans http://www.springframework.org/schema/beans/spring-beans.xsd
       		http://www.springframework.org/schema/tx http://www.springframework.org/schema/tx/spring-tx.xsd
       		http://www.springframework.org/schema/aop http://www.springframework.org/schema/aop/spring-aop.xsd">

    <bean id="propertyConfigurer" class="org.springframework.beans.factory.config.PropertyPlaceholderConfigurer">
        <property name="locations">
            <list>
                <value>classpath:/database.properties</value>
            </list>
        </property>
    </bean>

    <bean id="dataSource" class="org.apache.commons.dbcp.BasicDataSource">
        <property name="driverClassName" value="${DERBY_MASTER_DB_DRIVER}"/>
        <property name="url" value="${DERBY_MASTER_DB_URL}"/>
        <property name="username" value="${DERBY_MASTER_DB_USERNAME}"/>
        <property name="password" value="${DERBY_MASTER_DB_PASSWORD}"/>
    </bean>

	<bean id="transactionManager"
		class="org.springframework.jdbc.datasource.DataSourceTransactionManager">
		<property name="dataSource" ref="dataSource" />
	</bean>
	
	<tx:advice id="txAdvice" transaction-manager="transactionManager">
	</tx:advice>
	
	<aop:config>
	    <aop:pointcut id="serviceOperations"
	        expression="execution(* com.master.transaction.service.PossessionService.transfer(..))" />
	    <aop:advisor advice-ref="txAdvice" pointcut-ref="serviceOperations" />
	</aop:config>

</beans>