<beans xmlns="http://www.springframework.org/schema/beans"
	   xmlns:xsi="http://www.w3.org/2001/XMLSchema-instance"
	   xmlns:context="http://www.springframework.org/schema/context"
	   xsi:schemaLocation="http://www.springframework.org/schema/beans http://www.springframework.org/schema/beans/spring-beans.xsd

	http://www.springframework.org/schema/context http://www.springframework.org/schema/context/spring-context-2.5.xsd">

	<context:annotation-config />

	<bean id="propertyConfigurer"
		class="org.springframework.beans.factory.config.PropertyPlaceholderConfigurer">
		<property name="locations">
			<list>
				<value>classpath:project.properties</value>
			</list>
		</property>
		<property name="searchSystemEnvironment" value="true"/>
	</bean>

	<bean id="fileTransferService" class="com.master.transfer.service.impl.FileTransferServiceImpl">
		<property name="transferFolder" value="${transferFolder}"/>
	</bean>
	
</beans>